first_name,last_name,email,department
John,Doe,john.doe@example.com,HR
Jane,Smith,jane.smith@example.com,Engineering
Michael,Johnson,michael.johnson@example.com,Marketing
Emily,Williams,emily.williams@example.com,Finance
David,Brown,david.brown@example.com,Engineering
